,seq,mean_score
0,NITNLCPFDEVFNATKFASVYAWNRKKISNCVADYSVLYNLAPFFTFKCYGVSPTKLNDLCFTNVYADSFVIRGDEVRQIAPGQTGNIADYNYKLPDDFTGCVIAWNSNKLDSKVSGNYNYLYRLFRKSNLKPFERDISTEIYQAGNKPCNGVAGFNCYFPLRSYSFRPTYGVGHQPYRVVVLSFELLHAPATVCGPKKST,0.4850062251091003
1,NITNLCPFDEVFNATEFASVYAWNRKEISNCVADYSVLYNLAPFFTFKCYGVSPTKLNDLCFTNVYADSFVIRGDEVRQIAPGQTGKIADYNYKLPDDFTGCVIAWNSNNLDSKVGGNYNYLYRLFRKSNLKPFERDISTEIYQAGNKPCNGVAGFNCYFPLRSYSFRPTYGVGHQPYRVVVLSFELLHAPATVCGPKKST,0.4798511981964111
2,NITNLCPFDEVFNATNFASVYAWNRKSISNCVADYSVLYNLAPFFTFKCYGVSPTKLNDLCFTNVYADSFVIRGDEVRQIAPGQTGKIADYNYKLPDDFTGCVIAWNSNNLDSKVSGNYNYLYRLFRKSNLKPFERDISTEIYQAGNKPCNGVAGFNCYFPLRSYSFRPTYGVGHQPYRVVVLSFELLHAPATVCGPKKST,0.4170549631118774
3,NITNLCPFGEVFNATSFASVYAWNRKYISNCHADYSVLYNSASFSTFKCYVVSPTKLNDLCFTNVYADSFVIRGDEVRQIAPGQTGCIADYNYKLPDDFTGCVIAWNSNNLDSKVGGNYNYQYRLFRKSNLKPFERDISTEIYQAWSTPCNGVEGFNCYSPLQSYGMQRLNGVGYQPYRVVVLSFELLHAPATVCGPKKST,0.548433494567871
4,NITNLCPFGEVFNATNFASVYAWNRKGISNCVADYSVLYNSASFSTFKCYGVSPTKLNDLCFTNVYADSFVIRGDEVRQIAPGQTGKIADYNYKLPDDFTGCVIAWNSNNLDSKVGGNYNYRYRLFRKSNLKPFERDISTEIYQAGSTPCNGVQGFNCYFPLQSYGFQPTNGVGYQPYRVVVLSFELLHAPATVCGPKKST,0.508274507522583
5,NITNLCPFGEVFNATVFASVYAWNRKSISNCGADYCVLYNSASFSTFKCYTVSPTKLNDLCFTNVYADSFVIRGDEVRQIAPGQTGPIADYNYKLPDDFTGCVIAWNSNNLDSKVGGNYNYRYRLFRKSNLKPFERDSSTEIYQAWSKPCNGVEGFNCYFPLQSYGHQWENGVGYQPYRVVVLSFELLHAPATVCGPKKST,0.5059270977973938
6,NITNLCPFGEVFNATVFASVYAWNRKYISNCPADYEVLYNSASFSTFKCYTVSPTKLNDLCFTNVYADSFVIRGDEVRQIAPGQTGDIADYNYKLPDDFTGCVIAWNSNNLDSKVGGNYNYLYRLFRKSNLKPFERDHSTEIYQADSTPCNGVEGFNCYFPLQSYGLQVVYGVGYQPYRVVVLSFELLHAPATVCGPKKST,0.5276938796043396
7,NITNLCPFGEVFNATRFASVYAWNRKGISNCVADYSVLYNSASFSTFKCYGVSPTKLNDLCFTNVYADSFVIRGDEVRQIAPGQTGNIADYNYKLPDDFTGCVIAWNSNNLDSKVGGNYNYLYRLFRKSNLKPFERDISTEIYQAGSTPCNGVKGFNCYFPLQSYGFQPTYGVGYQPYRVVVLSFELLHAPATVCGPKKST,0.5330921530723571
8,NITNLCPFGEVFNATPFASVYAWNRKKISNCVADYSVLYNSASFSTFKCYWVSPTKLNDLCFTNVYADSFVIRGDEVRQIAPGQTGKIADYNYKLPDDFTGCVIAWNSNNLDSKVGGNYNYLYRLFRKSNLKPFERDISTEIYQAGSTPCNGVKGFNCYFPLQSYGFQYTNGVGYQPYRVVVLSFELLHAPATVCGPKKST,0.5088529706001281
9,NITNLCPFGEVFNATTFASVYAWNRKWISNCGADYGVLYNSASFSTFKCYYVSPTKLNDLCFTNVYADSFVIRGDEVRQIAPGQTGEIADYNYKLPDDFTGCVIAWNSNNLDSKVGGNYNYRYRLFRKWNLKPFERDPSTEIYQAVSTPCNGVEGFNCYFPLQSYGSQYPNGVGYQPYRVVVLSFELLHAPATVCGPKKST,0.5187333941459655
10,NITNLCPFGEVFNATRFASVYAWNRKGISNCVADYSVLYNSASFSTFKCYGVSPTKLNDLCFTNVYADSFVIRGDEVRQIAPGQTGTIADYNYKLPDDFTGCVIAWNSNNLDSKVGGNYNYLYRLFRKSNLKPFERDISTEIYQAGSTPCNGVKGFNCYFPLQSYGFQPTYGVGYQPYRVVVLSFELLHAPATVCGPKKST,0.5533111214637756
11,NITNLCPFGEVFNATWFASVYAWNRKWISNCCADYEVLYNSASFSTFKCYSVSPTKLNDLCFTNVYADSFVIRGDEVRQIAPGQTGPIADYNYKLPDDFTGCVIAWNSKNLDSKVGGNYNYLYRLFRKSNLKPFERDRSTEIYQADSTPCNGVEGFNCYFPLQSYGNQYFNGVGYQPYRVVVLSFELLHAPATVCGPKKST,0.5582973480224609
12,NITNLCPFGEVFNATVFASVYAWNRKVISNCYADYKVLYNSASFSTFKCYSVSPTKLNDLCFTNVYADSFVIRGDEVRQIAPGQTGQIADYNYKLPDDFTGCVIAWNSNNLDSKVGGNYNYLYRLFRKFNLKPFERDESTEIYQAISTPCNGVEGFNCYFPLQSYGMQWMTGVGYQPYRVVVLSFELLHAPATVCGPKKST,0.5168547749519348
